id,name,pos,team
00-0032104,Ameer Abdullah,RB,JAX
00-0039040,De'Von Achane,RB,MIA
00-0031381,Davante Adams,WR,LAR
00-0038994,Jordan Addison,WR,MIN
00-0038783,Nate Adkins,TE,DEN
00-0039796,Rasheen Ali,RB,BAL
00-0033217,Mo Alie-Cox,TE,IND
00-0039814,Erick All,TE,CIN
00-0041565,Drew Allar,QB,PIT
00-0039794,Braelon Allen,RB,NYJ
00-0040890,Cyrus Allen,WR,KC
00-0039074,Davis Allen,TE,LAR
00-0034857,Josh Allen,QB,BUF
00-0041096,Kaytron Allen,RB,WAS
00-0030279,Keenan Allen,WR,IND
00-0034577,Kyle Allen,QB,BUF
00-0040238,LeQuint Allen Jr.,RB,JAX
00-0037263,Tyler Allgeier,RB,ARI
00-0034753,Mark Andrews,TE,BAL
00-0041314,Tanner Arkin,TE,NE
00-0040739,Elijah Arroyo,TE,SEA
00-0036849,Tutu Atwell,WR,LAR
00-0040170,Elic Ayomanor,WR,TEN
00-0037085,Tyler Badie,RB,DEN
00-0038416,Tyson Bagent,QB,CHI
00-0034844,Saquon Barkley,RB,PHI
00-0039793,AJ Barner,TE,SEA
00-0040215,Gavin Bartholomew,TE,MIN
00-0036550,Rashod Bateman,WR,BAL
00-0036628,John Bates,TE,WAS
00-0040729,Jack Bech,WR,LV
00-0041561,Carson Beck,QB,ARI
00-0031235,Odell Beckham Jr.,WR,NYG
00-0041525,Chris Bell,WR,MIA
00-0041443,Skyler Bell,WR,BUF
00-0038115,Daniel Bellinger,TE,TEN
00-0039107,Stetson Bennett,QB,LAR
00-0040894,Malik Benson,WR,LV
00-0041133,Dallen Bentley,TE,DEN
00-0041489,Germie Bernard,WR,PIT
00-0038555,Tank Bigsby,RB,PHI
00-0041052,Kaelon Black,RB,SF
00-0036463,Chris Blair,WR,ATL
00-0041503,Nate Boerkircher,TE,JAX
00-0040782,Isaiah Bond,WR,CLE
00-0041037,Denzel Boston,WR,CLE
00-0033307,Kendrick Bourne,WR,ARI
00-0038608,Kayshon Boutte,WR,HOU
00-0039338,Brock Bowers,TE,LV
00-0041044,Zachariah Branch,WR,ATL
00-0041081,Max Bredeson,RB,MIN
00-0040081,Jake Briningstool,TE,KC
00-0033119,Jacoby Brissett,QB,ARI
00-0039603,British Brooks,RB,HOU
00-0038685,Chris Brooks,RB,GB
00-0038640,Jalen Brooks,WR,ARI
00-0039344,Jonathon Brooks,RB,CAR
00-0040208,Tahj Brooks,RB,CIN
00-0035676,A.J. Brown,WR,NE
00-0041099,Barion Brown,WR,NO
00-0040930,Camden Brown,WR,DAL
00-0038597,Chase Brown,RB,CIN
00-0036626,Dyami Brown,WR,WAS
00-0035662,Marquise Brown,WR,PHI
00-0040134,Pat Bryant,WR,DEN
00-0040735,Luther Burden III,WR,CHI
00-0041132,Deion Burks,WR,IND
00-0037742,Treylon Burks,WR,WAS
00-0036442,Joe Burrow,QB,CIN
00-0041100,Josh Cameron,WR,JAX
00-0036900,Ja'Marr Chase,WR,CIN
00-0037594,Julius Chestnut,RB,TEN
00-0040563,Efton Chism III,WR,NE
00-0041104,Demond Claiborne,RB,MIN
00-0039491,Jalen Coker,WR,CAR
00-0041496,Jonah Coleman,RB,DEN
00-0039901,Keon Coleman,WR,BUF
00-0041529,Kevin Coleman Jr.,WR,MIA
00-0036554,Nico Collins,WR,HOU
00-0041547,KC Concepcion,WR,CLE
00-0034270,Tyler Conklin,TE,DET
00-0040398,Brady Cook,QB,MIA
00-0037248,James Cook,RB,BUF
00-0040024,Darius Cooper,WR,PHI
00-0041511,Omar Cooper Jr.,WR,NYJ
00-0039920,Malachi Corley,WR,CLE
00-0039738,Blake Corum,RB,LAR
00-0029604,Kirk Cousins,QB,LV
00-0039365,Jacob Cowing,WR,SF
00-0040242,Jacory Croskey-Merritt,RB,WAS
00-0040887,Josh Cuevas,TE,BAL
00-0027973,Andy Dalton,QB,PHI
00-0041399,CJ Daniels,WR,LAR
00-0041251,Jalon Daniels,QB,TB
00-0039910,Jayden Daniels,QB,WAS
00-0034869,Sam Darnold,QB,SEA
00-0040691,Jaxson Dart,QB,NYG
00-0038573,Derius Davis,WR,LAC
00-0039798,Isaiah Davis,RB,NYJ
00-0037563,Malik Davis,RB,DAL
00-0039875,Ray Davis,RB,BUF
00-0038476,Tommy DeVito,QB,NE
00-0041041,Oscar Delp,TE,NO
00-0038705,Emari Demercado,RB,DAL
00-0031588,Stefon Diggs,WR,WAS
00-0040705,Chimere Dike,WR,TEN
00-0036265,AJ Dillon,RB,CAR
00-0036158,J.K. Dobbins,RB,DEN
00-0033949,Joshua Dobbs,QB,DET
00-0037741,Jahan Dotson,WR,ATL
00-0037816,Romeo Doubs,WR,NE
00-0041523,Caleb Douglas,WR,MIA
00-0038621,DeMario Douglas,WR,NE
00-0036139,Rico Dowdle,RB,PIT
00-0038997,Josh Downs,WR,IND
00-0037252,Greg Dulcich,TE,MIA
00-0035021,Ashton Dulin,WR,IND
00-0039050,Payne Durham,TE,TB
00-0036331,Devin Duvernay,WR,ARI
00-0040129,Emeka Egbuka,WR,TB
00-0036879,Sam Ehlinger,QB,DEN
00-0041116,Jack Endries,TE,CIN
00-0033881,Evan Engram,TE,DEN
00-0039373,Audric Estimé,RB,NO
00-0036973,Travis Etienne,RB,NO
00-0031408,Mike Evans,WR,SF
00-0040187,Mitchell Evans,TE,CAR
00-0040234,Quinn Ewers,QB,JAX
00-0040981,Joe Fagnano,QB,BAL
00-0040663,Harold Fannin Jr.,TE,CLE
00-0035644,Noah Fant,TE,NO
00-0036887,Luke Farrell,TE,SF
00-0036646,Simi Fehoko,WR,ARI
00-0040154,Tai Felton,WR,MIN
00-0038041,Jake Ferguson,TE,DAL
00-0040737,Terrance Ferguson,TE,LAR
00-0040225,Thomas Fidone II,TE,NYG
00-0036945,Justin Fields,QB,KC
00-0041042,Malachi Fields,WR,NYG
00-0026158,Joe Flacco,QB,CIN
00-0039410,Ryan Flournoy,WR,DAL
00-0039064,Zay Flowers,WR,BAL
00-0040621,Montorie Foster Jr,WR,SEA
00-0039868,Troy Franklin,WR,DEN
00-0036825,Feleipe Franks,TE,CAR
00-0036894,Pat Freiermuth,TE,PIT
00-0040189,Oronde Gadsden II,TE,LAC
00-0036919,Kenny Gainwell,RB,TB
00-0034829,Mike Gesicki,TE,CIN
00-0039139,Jahmyr Gibbs,RB,DET
00-0040179,DJ Giddens,RB,IND
00-0036187,Reggie Gilliam,RB,NE
00-0033921,Chris Godwin Jr.,WR,TB
00-0034351,Dallas Goedert,TE,PHI
00-0033106,Jared Goff,QB,DET
00-0040667,Matthew Golden,WR,GB
00-0040198,Ollie Gordon II,RB,MIA
00-0036876,Kylen Granson,TE,TEN
00-0036637,Noah Gray,TE,KC
00-0041092,Taylen Green,QB,CLE
00-0038120,Breece Hall,RB,NYJ
00-0040666,Omarion Hampton,RB,LAC
00-0040727,Tre Harris,WR,LAC
00-0036893,Najee Harris,RB,NYG
00-0039849,Marvin Harrison Jr.,WR,ARI
00-0040730,RJ Harvey,RB,DEN
00-0040194,Jackson Hawes,TE,BUF
00-0041490,Eli Heidenreich,RB,PIT
00-0040584,Gunnar Helm,TE,TEN
00-0040734,TreVeyon Henderson,RB,NE
00-0032764,Derrick Henry,RB,BAL
00-0033090,Hunter Henry,TE,NE
00-0036355,Justin Herbert,QB,LAC
00-0041436,DJ Herman,RB,MIA
00-0040879,Matthew Hibner,TE,BAL
00-0033110,Tyler Higbee,TE,LAR
00-0039041,Elijah Higgins,TE,ARI
00-0036410,Tee Higgins,WR,CIN
00-0034975,Justice Hill,RB,BAL
00-0035229,T.J. Hockenson,TE,MIN
00-0039299,George Holani,RB,SEA
00-0033555,Mack Hollins,WR,NE
00-0032392,Austin Hooper,TE,ATL
00-0040218,Jimmy Horn Jr.,WR,CAR
00-0040648,Tory Horton,WR,SEA
00-0040203,Will Howard,QB,PIT
00-0037077,Sam Howell,QB,DAL
00-0036555,Chuba Hubbard,RB,CAR
00-0035406,Lil'Jordan Humphrey,WR,DEN
00-0035993,Tyler Huntley,QB,BAL
00-0041048,Ted Hurst III,WR,TB
00-0036389,Jalen Hurts,QB,PHI
00-0038618,Xavier Hutchinson,WR,HOU
00-0038619,Andrei Iosivas,WR,CIN
00-0039361,Bucky Irving,RB,TB
00-0034796,Lamar Jackson,QB,BAL
00-0040177,Jordan James,RB,SF
00-0040122,Ashton Jeanty,RB,LV
00-0036322,Justin Jefferson,WR,MIN
00-0038498,E.J. Jenkins,TE,PHI
00-0036259,Jauan Jennings,WR,MIN
00-0036407,Jerry Jeudy,WR,CLE
00-0041013,Emmett Johnson,RB,KC
00-0036040,Juwan Johnson,TE,NO
00-0040142,Kaleb Johnson,RB,GB
00-0039589,Kameron Johnson,WR,TB
00-0040237,Tez Johnson,WR,TB
00-0039021,Roschon Johnson,RB,CHI
00-0039847,Theo Johnson,TE,NYG
00-0035537,Ty Johnson,RB,BUF
00-0038544,Quentin Johnston,WR,LAC
00-0041077,Justin Joly,TE,MIA
00-0033293,Aaron Jones,RB,MIN
00-0035710,Daniel Jones,QB,IND
00-0036972,Mac Jones,QB,SF
00-0036556,Brevin Jordan,TE,HOU
00-0040784,Quinshon Judkins,RB,CLE
00-0041524,Will Kacmarek,TE,MIA
00-0041117,Athan Kaliakmanis,QB,WAS
00-0040058,Nick Kallerup,TE,SEA
00-0033906,Alvin Kamara,RB,NO
00-0028986,Case Keenum,QB,CHI
00-0030506,Travis Kelce,TE,KC
00-0037311,Ko Kieft,TE,TB
00-0038933,Dalton Kincaid,TE,BUF
00-0040556,Corey Kiner,RB,NE
00-0041149,Haynes King,QB,CAR
00-0033288,George Kittle,TE,SF
00-0041510,Max Klare,TE,LAR
00-0041472,Marlin Klein,TE,HOU
00-0041056,Cade Klubnik,QB,NYJ
00-0036290,Cole Kmet,TE,CHI
00-0037157,Bam Knight,RB,ARI
00-0035689,Dawson Knox,TE,BUF
00-0038046,Charlie Kolar,TE,LAC
00-0041084,Tanner Koziol,TE,JAX
00-0038996,Tucker Kraft,TE,GB
00-0033908,Cooper Kupp,WR,SEA
00-0039065,Sam LaPorta,TE,DET
00-0036358,CeeDee Lamb,WR,DAL
00-0040184,KeAndre Lambert-Smith,WR,LAC
00-0041067,Bryce Lance,WR,NO
00-0037012,Trey Lance,QB,LAC
00-0040870,Ja'Kobi Lane,WR,BAL
00-0040164,Jaylin Lane,WR,WAS
00-0038564,Cameron Latu,TE,NE
00-0040363,Keleki Latu,TE,BUF
00-0039407,Dylan Laube,RB,LV
00-0036971,Trevor Lawrence,QB,JAX
00-0039342,Xavier Legette,WR,CAR
00-0040867,Makai Lemon,WR,PHI
00-0040206,Riley Leonard,QB,IND
00-0037838,Isaiah Likely,TE,NYG
00-0039811,MarShawn Lloyd,RB,GB
00-0035704,Drew Lock,QB,SEA
00-0037238,Drake London,WR,ATL
00-0037004,Hunter Long,TE,ARI
00-0041027,Jeremiyah Love,RB,ARI
00-0036264,Jordan Love,QB,GB
00-0040126,Colston Loveland,TE,CHI
00-0038738,Hunter Luepke,RB,DAL
00-0033873,Patrick Mahomes,QB,KC
00-0031484,Chris Manhertz,TE,NYG
00-0032268,Marcus Mariota,QB,WAS
00-0040583,Woody Marks,RB,HOU
00-0037524,Tay Martin,WR,DET
00-0039648,David Martin-Robinson,TE,TEN
00-0037525,Jordan Mason,RB,MIN
00-0039851,Drake Maye,QB,NE
00-0039066,Michael Mayer,TE,LV
00-0034855,Baker Mayfield,QB,TB
00-0037744,Trey McBride,TE,ARI
00-0033280,Christian McCaffrey,RB,SF
00-0039355,Luke McCaffrey,WR,WAS
00-0039923,J.J. McCarthy,QB,MIN
00-0039915,Ladd McConkey,WR,LAC
00-0040014,Kyle McCord,QB,MIA
00-0041125,Seth McGowan,RB,IND
00-0038400,Tanner McKee,QB,PHI
00-0035659,Terry McLaurin,WR,WAS
00-0039855,Jalen McMillan,WR,TB
00-0040124,Tetairoa McMillan,WR,CAR
00-0040390,Jackson Meeks,WR,DET
00-0037091,Bo Melton,WR,GB
00-0041562,Fernando Mendoza,QB,LV
00-0035640,DK Metcalf,WR,PIT
00-0037614,John Metchie III,WR,CAR
00-0040785,Dohnte Meyers,WR,CIN
00-0034960,Jakobi Meyers,WR,JAX
00-0038551,Kendre Miller,RB,NO
00-0038824,Ryan Miller,WR,MIA
00-0036898,Davis Mills,QB,HOU
00-0040673,Jalen Milroe,QB,SEA
00-0038976,Marvin Mims Jr.,WR,DEN
00-0039062,Jonathan Mingo,WR,DAL
00-0035289,Gardner Minshew,QB,ARI
00-0039890,Adonai Mitchell,WR,NYJ
00-0038454,Keaton Mitchell,RB,LAC
00-0040236,Kyle Monangai,RB,CHI
00-0035685,David Montgomery,RB,HOU
00-0036309,Darnell Mooney,WR,NYG
00-0034827,DJ Moore,WR,BUF
00-0036980,Elijah Moore,WR,PHI
00-0038090,Skyy Moore,WR,GB
00-0034981,Foster Moreau,TE,HOU
00-0036590,Quintin Morris,TE,JAX
00-0041123,Behren Morton,QB,NE
00-0040590,Konata Mumpfield,WR,LAR
00-0033246,Johnny Mundt,TE,PHI
00-0035228,Kyler Murray,QB,MIN
00-0039337,Malik Nabers,WR,NYG
00-0039075,Puka Nacua,WR,LAR
00-0037291,Jalen Nailor,WR,LV
00-0039732,Bo Nix,QB,DEN
00-0033885,David Njoku,TE,LAC
00-0040138,Jaylin Noel,WR,HOU
00-0040906,Garrett Nussmeier,QB,KC
00-0036842,Kene Nwangwu,RB,NYJ
00-0038579,Aidan O'Connell,QB,LV
00-0039919,Rome Odunze,WR,CHI
00-0037292,Andrew Ogletree,TE,IND
00-0037809,Chig Okonkwo,TE,WAS
00-0037239,Chris Olave,WR,NO
00-0035249,Josh Oliver,TE,MIN
00-0038129,Cade Otton,TE,TB
00-0036988,Josh Palmer,WR,BUF
00-0036244,Colby Parkinson,TE,LAR
00-0033375,Tim Patrick,WR,NYJ
00-0040891,Cole Payton,QB,PHI
00-0039917,Michael Penix Jr.,QB,ATL
00-0033526,Samaje Perine,RB,CIN
00-0037247,George Pickens,WR,DAL
00-0038102,Kenny Pickett,QB,CAR
00-0037664,Alec Pierce,WR,IND
00-0036252,Michael Pittman,WR,PIT
00-0036970,Kyle Pitts,TE,ATL
00-0035261,Tony Pollard,RB,TEN
00-0033077,Dak Prescott,QB,DAL
00-0041512,Jadarian Price,RB,SEA
00-0040506,Myles Price,WR,MIN
00-0037834,Brock Purdy,QB,SF
00-0041395,Eli Raridon,TE,NE
00-0039376,Spencer Rattler,QB,NO
00-0032464,Kalif Raymond,WR,CHI
00-0040598,Mark Redman,TE,GB
00-0039146,Jayden Reed,WR,GB
00-0038519,Nikko Remigio,WR,KC
00-0033376,Patrick Ricard,RB,NYG
00-0039067,Rashee Rice,WR,KC
00-0039164,Anthony Richardson,QB,IND
00-0034837,Calvin Ridley,WR,TEN
00-0037557,Ronnie Rivers,RB,LAR
00-0038542,Bijan Robinson,RB,ATL
00-0037746,Brian Robinson,RB,ATL
00-0032775,Demarcus Robinson,WR,SF
00-0038117,Wan'Dale Robinson,WR,TEN
00-0023459,Aaron Rodgers,QB,PIT
00-0038611,Chris Rodriguez Jr.,RB,JAX
00-0040589,Kurtis Rourke,QB,SF
00-0041558,Sam Roush,TE,CHI
00-0040646,Jalen Royals,WR,KC
00-0037805,Jeremy Ruckert,TE,NYJ
00-0034771,Mason Rudolph,QB,PIT
00-0033662,Cooper Rush,QB,ATL
00-0038488,Brady Russell,RB,SEA
00-0041131,Carsen Ryan,TE,CLE
00-0041032,Kenyon Sadiq,TE,NYJ
00-0035631,Drew Sample,TE,CIN
00-0040162,Dylan Sampson,RB,CLE
00-0035719,Deebo Samuel Sr.,WR,SF
00-0039356,Ja'Tavion Sanders,TE,CAR
00-0040466,Raheim Sanders,RB,CLE
00-0040668,Shedeur Sanders,QB,CLE
00-0040876,Elijah Sarratt,WR,BAL
00-0033576,Eric Saubert,TE,SEA
00-0038896,Jacob Saylors,RB,DET
00-0038547,Luke Schoonmaker,TE,DAL
00-0034383,Dalton Schultz,TE,HOU
00-0037545,Rashid Shaheed,WR,SEA
00-0037261,Khalil Shakir,WR,BUF
00-0041094,Bauer Sharp,TE,TB
00-0039746,Will Shipley,RB,PHI
00-0040743,Tyler Shough,QB,NO
00-0041568,Ty Simpson,QB,LAR
00-0035250,Devin Singletary,RB,NYG
00-0040886,Nicholas Singleton,RB,TEN
00-0039912,Ben Sinnott,TE,WAS
00-0040715,Cam Skattebo,RB,NYG
00-0036862,Ben Skowronek,WR,PIT
00-0035535,Darius Slayton,WR,NYG
00-0039652,Jabari Small,RB,DET
00-0040582,Arian Smith,WR,NYJ
00-0040078,Brashard Smith,RB,KC
00-0036912,DeVonta Smith,WR,PHI
00-0030565,Geno Smith,QB,NYJ
00-0033858,Jonnu Smith,TE,GB
00-0038359,Xavier Smith,WR,LAR
00-0038543,Jaxon Smith-Njigba,WR,SEA
00-0034798,Durham Smythe,TE,BAL
00-0039530,Brevyn Spann-Ford,TE,DAL
00-0039032,Tyjae Spears,RB,TEN
00-0036963,Amon-Ra St. Brown,WR,DET
00-0026498,Matthew Stafford,QB,LAR
00-0036875,Rhamondre Stevenson,RB,NE
00-0035264,Jarrett Stidham,QB,DEN
00-0039359,Cade Stover,TE,HOU
00-0041483,Eli Stowers,TE,PHI
00-0041194,Jack Strand,QB,ATL
00-0038935,Brenton Strange,TE,JAX
00-0041035,De'Zhaun Stribling,WR,SF
00-0039163,C.J. Stroud,QB,HOU
00-0040948,J. Michael Sturdivant,WR,GB
00-0034348,Courtland Sutton,WR,DEN
00-0036275,D'Andre Swift,RB,CHI
00-0036212,Tua Tagovailoa,QB,ATL
00-0041438,Carnell Tate,WR,TEN
00-0036223,Jonathan Taylor,RB,IND
00-0040736,Mason Taylor,TE,NYJ
00-0028118,Tyrod Taylor,QB,GB
00-0040669,Isaac TeSlaa,WR,DET
00-0039893,Brian Thomas Jr.,WR,JAX
00-0034365,Ian Thomas,TE,LV
00-0041051,Zavion Thomas,WR,CHI
00-0041550,Brenen Thompson,WR,LAC
00-0038104,Tyquan Thornton,WR,KC
00-0037666,Jalen Tolbert,WR,MIA
00-0037112,Jake Tonges,TE,SF
00-0033757,Robert Tonyan,TE,PIT
00-0039384,Tyrone Tracy Jr.,RB,NYG
00-0041579,Seydou Traore,TE,MIA
00-0036422,Adam Trautman,TE,DEN
00-0032951,Laquon Treadwell,WR,IND
00-0038840,Brycen Tremayne,WR,CAR
00-0037005,Tommy Tremble,TE,CAR
00-0033869,Mitchell Trubisky,QB,TEN
00-0038951,Sean Tucker,RB,TB
00-0038563,Tre Tucker,WR,LV
00-0037801,KaVontae Turpin,WR,DAL
00-0040719,Bhayshul Tuten,RB,JAX
00-0039364,Sione Vaki,RB,DET
00-0039424,Devaughn Vele,WR,NO
00-0039391,Kimani Vidal,RB,LAC
00-0041070,Reggie Virgil,WR,ARI
00-0036613,Jaylen Waddle,WR,DEN
00-0039792,Devontez Walker,WR,BAL
00-0040277,Jahdae Walker,WR,CHI
00-0038134,Kenneth Walker III,RB,KC
00-0036630,Tylan Wallace,WR,CLE
00-0031610,Darren Waller,TE,CAR
00-0040676,Cam Ward,QB,TEN
00-0037228,Jaylen Warren,RB,PIT
00-0040128,Tyler Warren,TE,IND
00-0038606,Parker Washington,WR,JAX
00-0038558,Darnell Washington,TE,PIT
00-0039880,Malik Washington,WR,MIA
00-0040878,Mike Washington Jr.,RB,LV
00-0040172,Jordan Watkins,WR,SF
00-0038124,Christian Watson,WR,GB
00-0033537,Deshaun Watson,QB,CLE
00-0038728,Jared Wayne,WR,HOU
00-0032950,Carson Wentz,QB,MIN
00-0040075,LaJohntay Wester,WR,BAL
00-0041397,Kaden Wetjen,WR,PIT
00-0037256,Rachaad White,RB,WAS
00-0038710,Blake Whiteheart,TE,CLE
00-0039751,Jordan Whittington,WR,LAR
00-0038589,Josh Whyle,TE,GB
00-0038393,Dontayvion Wicks,WR,PHI
00-0039824,Jared Wiley,TE,KC
00-0041040,Antonio Williams,WR,WAS
00-0039918,Caleb Williams,QB,CHI
00-0041106,C.J. Williams,WR,JAX
00-0039451,Isaiah Williams,WR,NYJ
00-0037240,Jameson Williams,WR,DET
00-0036997,Javonte Williams,RB,DAL
00-0040534,Ke'Shawn Williams,WR,CIN
00-0040131,Kyle Williams,WR,NE
00-0037840,Kyren Williams,RB,LAR
00-0038643,Brayden Willis,TE,SF
00-0038128,Malik Willis,QB,MIA
00-0038797,Emanuel Wilson,RB,SEA
00-0037740,Garrett Wilson,WR,NYJ
00-0038559,Michael Wilson,WR,ARI
00-0039739,Roman Wilson,WR,PIT
00-0037013,Zach Wilson,QB,NO
00-0031503,Jameis Winston,QB,NYG
00-0036429,Charlie Woerner,TE,ATL
00-0037755,Jelani Woods,TE,NYJ
00-0039894,Xavier Worthy,WR,KC
00-0036754,Brock Wright,TE,DET
00-0039874,Jaylen Wright,RB,MIA
00-0039686,Colson Yankoff,TE,WAS
00-0039150,Bryce Young,QB,CAR
00-0041069,Colbie Young,WR,CIN
00-0037093,Dareke Young,WR,LV
00-0040509,Ben Yurosek,TE,MIN
00-0035208,Olamide Zaccheaus,WR,ATL
